bridge,tx_hash,true_label,fold_1,fold_2,fold_3,fold_4,fold_5
qubit,0xac7292e7d0ec8ebe1c94203d190874b2aab30592327b6cc875d00f18de6f3133,1,0,0,0,1,0
qubit,0xc7e964fa3b0e8d2df6d92d96e57d7eb6cebf7ca581807cab96d4f3aafa98ba12,1,0,0,0,1,0
qubit,0x006a8a6e58e26384aa7dd7951d57f51136049601a772a40fcde34722191ed3f8,1,0,0,0,1,0
qubit,0x6f24d176e178f80e15daa4a2c03106404584be6469a29077defd2c9e788e58c4,1,0,0,0,1,0
qubit,0xf56fe06b0e7af7ef393fe0fa15aa173891940f800c3ac14db7a81c62ebad9663,1,0,0,0,1,0
qubit,0xb9c5e0ed27bbb5237a6fa4549784ba740059253f57453a8c4cf1f80f71b09cf5,1,0,0,0,1,0
qubit,0x478d83f2ad909c64a9a3d807b3d8399bb67a997f9721fc5580ae2c51fab92acf,1,0,0,0,1,0
qubit,0xd0d86c51770877c80edb018d2c69ed23ca834694e3ca43159a9b9b889ac4ad4d,1,0,0,0,1,0
qubit,0xeb9f622e54253b3fa14dcee243bc9345a8fbc562168e973093ffc86d7f8a5829,1,0,0,0,1,0
qubit,0xbdedb13d78bcb2f4eb48241c0ed0b299264458021d6e8f331e08a1c9bd96f943,1,0,0,0,1,0
qubit,0x940315691510a8f6b2690d3df4608ae1dd710c665bc76e40954fa8092a5fc541,1,0,0,0,1,0
qubit,0xa6282e604eab18390be3abf2f4f0039dbdbcc3f4cf15e4d3ade296b8684a0486,1,0,0,0,1,0
qubit,0x501f8541dc7cc594cd0ee245c8710ca12084529b596a3fc0d702f4a77f70b848,1,0,0,0,1,0
qubit,0x580206541ab2916d2ef9b89e5bf6e833031700d01f2ea372ec0bec331f38225b,1,0,0,0,1,0
qubit,0x3dfa33b5c6150bf3d64f49cb97eba351f99e4dff7119ef458e40f51160bf77ec,1,0,0,0,1,0
qubit,0x9cf9e457aade4a0421eb188cfb5d17694c614c139b1fa0122930d5df27228349,1,0,0,0,1,0
