metapath,difference
UfRtUfTlL,218.2035
RtUfRtUfTlL,218.2035
UfRtUfRlL,217.1987
RtUfRtUfRlL,217.1987
UfRtUfRtUfT,108.7741
UfRtUfRtU,108.6005
UfRtUfRtUfR,108.6005
RtUfRtUfRtU,108.6005
UfRtUfRtUtO,108.4555
RtUfTlL,22.9158
UfTlL,22.9048
UfRlL,22.2398
RtUfRlL,22.2398
OtUfRtUfTlL,18.6535
OfUfRtUfTlL,18.4911
OfUfRtUfRlL,18.4464
OtUfRtUfRlL,18.4042
UtOtOfUfTlL,18.3014
UtOtOfUfRlL,18.2922
UtOtOtUfTlL,18.2877
UtOtOtUfRlL,18.2831
UfRtUfT,11.2946
RtUfRtUfT,11.2946
UfRtU,11.1211
UfRtUfR,11.1211
RtUfRtU,11.1211
RtUfRtUfR,11.1211
UfRtUtO,10.9761
RtUfRtUtO,10.9761
OfUfRtUfRtU,9.2226
OtUfRtUfRtU,9.2033
UfRtUtOtOfU,9.1461
UtOtOfUfRtU,9.1461
UfRtUtOtOtU,9.1416
UtOtOtUfRtU,9.1416
OtRaOtRfTlL,-8.08
OaRaOtRfTlL,-5.3297
OtRfTlL,-2.7744
RaOtRfTlL,-2.7503
UxRaOtRfTlL,-2.7503
TtUfTtUfTlL,2.7286
OtRfOtRfTlL,-2.6933
OtRtOtRfTlL,-2.6933
RaOtRaOfTlL,-2.5926
OtRaOfTlL,-2.54
UtOaRfTlL,-2.3571
OtUfTlL,2.2152
UtOtRfTlL,-2.0811
OfUfTlL,2.0528
OtOfUfTlL,2.0274
UxRfTlL,-2.0106
OfUfRlL,2.008
OtOfUfRlL,2.0
OaRfTlL,-1.9934
OtUfRlL,1.9658
TlL,1.9654
RlL,1.9188
OtOtUfTlL,1.8767
OtOtUfRlL,1.863
RfTlL,-1.8546
UtOtRaOfTlL,-1.8335
UtOaRaOfTlL,-1.8335
OaRfOtRfTlL,-1.7766
OaRtOtRfTlL,-1.7766
RtU,1.6835
OaRaOfTlL,-1.6758
RaOtRaOtRfT,-1.6561
OtRaOtRfT,-1.6101
OfRtUfTlL,1.5616
RtUfT,1.5138
UfT,1.5116
TtUfTlL,1.4135
UfTtUfTlL,1.4135
TtUfRtUfTlL,1.4135
RtUfTtUfTlL,1.4135
OtRaOtRaOfT,-1.3801
UfR,1.3403
RtUfR,1.3403
TtUtTtUfTlL,1.3151
OtOaRfTlL,-1.2026
UxRlL,-1.1993
RtUtO,1.1854
OtOtRfTlL,-1.1763
UtO,1.1509
UtOtRaOtRfT,-1.1501
UtOaRaOtRfT,-1.1501
OtOtOaRfTlL,-1.126
OfOtOaRfTlL,-1.126
OfRtUtOtOfO,1.1096
OtOtOtRfTlL,-1.0997
OfOtOtRfTlL,-1.0997
OtOtRaOfTlL,-1.0975
OtOaRaOfTlL,-1.0975
TtUfTtUfT,1.0846
UfTtUfTtUfT,1.0846
UtOfTlL,-1.069
OfRtUfRlL,1.0685
OaRaOtRfT,-1.0581
OtUfRtUfT,1.0504
UtRlL,-1.0252
OtOtOtOfTlL,-1.0174
OfUfRtUfT,1.0115
OfUfRtU,1.0035
OfUfRtUfR,1.0035
OtOfUfRtU,1.0
OtOfUfRtUfR,1.0
OtOfUfRtUfT,1.0
OtOfUfRtUtO,1.0
OfUfRtUtO,0.9989
OtUfRtU,0.9841
OtUfRtUfR,0.9841
UfRtUtOtO,0.968
OfUfRtUtOtO,0.968
RtUfRtUtOtO,0.968
UtOtOfUtOtO,0.968
OtUfRtUtOtO,0.968
OtOtUfRtU,0.9315
OtOtUfRtUfR,0.9315
OtOtUfRtUfT,0.9315
OtOtUfRtUtO,0.9315
OtOtUtOtOfU,0.9315
UtOtOfU,0.9269
OfUtOtOfU,0.9269
RtUtOtOfU,0.9269
UtOtOfUfR,0.9269
UtOtOfUfT,0.9269
UtOtOfUtO,0.9269
OtOfUtOtOfU,0.9269
OfUtOtOfUfR,0.9269
OfUtOtOfUfT,0.9269
OfUtOtOfUtO,0.9269
RtUtOtOfUfR,0.9269
RtUtOtOfUfT,0.9269
RtUtOtOfUtO,0.9269
OtUtOtOfU,0.9269
OtUtOtOfUfR,0.9269
OtUtOtOfUfT,0.9269
OtUtOtOfUtO,0.9269
OtUfRtUtO,0.9248
UtOtOtU,0.9224
OtUtOtOtU,0.9224
OfUtOtOtU,0.9224
RtUtOtOtU,0.9224
UtOtOtUfR,0.9224
UtOtOtUfT,0.9224
UtOtOtUtO,0.9224
OtOtUtOtOtU,0.9224
OtOfUtOtOtU,0.9224
OtUtOtOtUfR,0.9224
OtUtOtOtUfT,0.9224
OtUtOtOtUtO,0.9224
OfUtOtOtUfR,0.9224
OfUtOtOtUfT,0.9224
OfUtOtOtUtO,0.9224
RtUtOtOtUfR,0.9224
RtUtOtOtUfT,0.9224
RtUtOtOtUtO,0.9224
UtOtOtUtOtO,0.9224
OtOfTlL,-0.9221
RfOtRfTlL,-0.9168
RtOtRfTlL,-0.9168
UxRfOtRfTlL,-0.9168
UxRtOtRfTlL,-0.9168
OaRaOtRaOfT,-0.9069
TtOfTtOfTlL,0.8934
RfT,-0.8798
RaOfTlL,-0.8642
UxRaOfTlL,-0.8642
RfOtRaOfTlL,-0.8642
RaOtRfOfTlL,-0.8642
RaOtRtOfTlL,-0.8642
RtOtRaOfTlL,-0.8642
OfOfOtOfTlL,-0.8543
OtRfOfTlL,-0.8467
OtRtOfTlL,-0.8467
UxRfT,-0.8397
OfRtUtOtOtO,0.7808
TtUfTtUfRlL,0.7478
RtTlL,-0.7459
UxRtTlL,-0.7459
TtUfTtUfTtU,0.7204
OtOaOfTlL,-0.7174
OfTlL,-0.7138
OtOtOfTlL,-0.7122
RaOtRaOtRaO,-0.7097
RaOtRaOtRlL,-0.7097
UtRtTlL,-0.7065
OxUfTtUfTlL,0.6986
TtUfTtUtTlL,0.6941
OtRaOtRaO,-0.69
OtRaOtRlL,-0.69
TtOtRfTlL,-0.69
TtOaRfTlL,-0.69
OfTtOtRfTlL,-0.69
OfTtOaRfTlL,-0.69
OtRaOtRaOtR,-0.69
OtRaOtRaOlL,-0.69
OtOtRaOtRfT,-0.69
OtOaRaOtRfT,-0.69
OaOfOtOfTlL,-0.6594
TfTtUfTlL,0.6575
UtTtUfTlL,0.6575
UfTfTtUfTlL,0.6575
RtUtTtUfTlL,0.6575
UtTfTtUfTlL,0.6575
UfOfTtOfTlL,0.6575
TtOtRaOfTlL,-0.6506
TtOaRaOfTlL,-0.6506
OtOaOtOfTlL,-0.6462
OtUfTtUfTlL,0.6444
TtTtOtRfTlL,-0.6134
TtTtOaRfTlL,-0.6134
TtUfTfTlL,0.6119
TtUtTfTlL,0.6119
UfTtUfTfTlL,0.6119
UfTtUtTfTlL,0.6119
RtUxRlL,0.6115
UxRtUxRlL,0.6115
RtUxRtUxRlL,0.6115
UtOtRfOfTlL,-0.6112
UtOtRtOfTlL,-0.6112
UtOaRfOfTlL,-0.6112
UtOaRtOfTlL,-0.6112
UaOfTtOfTlL,0.6006
OfOtOfTlL,-0.5958
UtRfTlL,-0.5674
OaRfOfTlL,-0.5586
OaRtOfTlL,-0.5586
OaOfTlL,-0.5553
TtUfT,0.5549
UfTtUfT,0.5549
TtUfRtUfT,0.5549
RtUfTtUfT,0.5549
UfRtUfTtUfT,0.5549
UfTtUfRtUfT,0.5549
OtRfT,-0.5531
RaOtRfT,-0.552
UxRaOtRfT,-0.552
RfOtRaOtRfT,-0.552
RaOtRfOtRfT,-0.552
RaOtRtOtRfT,-0.552
RtOtRaOtRfT,-0.552
OtRfOtRfT,-0.5367
OtRtOtRfT,-0.5367
OfRtUfRtU,0.5342
OfRtUfRtUfR,0.5342
OfRtUfRtUfT,0.5342
OfRtUfRtUtO,0.5342
UxR,-0.5328
TtUtTtUfT,0.5297
UfTtUtTtUfT,0.5297
TfTtUfTtUfT,0.5297
TtUfTfTtUfT,0.5297
TtUtTfTtUfT,0.5297
UtTtUfTtUfT,0.5297
UtR,-0.5214
OaOaOtOfTlL,-0.5126
