bridge,tx_hash,true_label,fold_1,fold_1_score,fold_2,fold_2_score,fold_3,fold_3_score,fold_4,fold_4_score,fold_5,fold_5_score
thorchain2,1,1,0,0.32690733671188354,0,0.004920437000691891,0,0.061417870223522186,0,0.013673687353730202,0,0.059704653918743134
thorchain2,3,1,0,0.3302619159221649,0,0.005098550580441952,0,0.1966152787208557,0,0.015079421922564507,0,0.059460677206516266
thorchain3,11,1,0,0.21502992510795593,0,0.010722478851675987,0,0.14032715559005737,0,0.04496260732412338,1,0.17934370040893555
thorchain3,12,1,0,0.20162779092788696,0,0.010840041562914848,0,0.026609007269144058,1,0.08437222987413406,1,0.17408692836761475
thorchain3,13,1,0,0.21224218606948853,0,0.010970315895974636,1,0.2976856827735901,0,0.042101673781871796,1,0.1801716387271881
thorchain3,14,1,0,0.2125358283519745,0,0.01022255513817072,0,0.11921638250350952,0,0.050983671098947525,1,0.17978151142597198
thorchain3,15,1,0,0.21589305996894836,0,0.010923167690634727,1,0.3171115815639496,0,0.04186687245965004,1,0.17964957654476166
thorchain3,16,1,0,0.21592839062213898,0,0.010928185656666756,1,0.31599029898643494,0,0.04181620478630066,1,0.1796899288892746
qubit,79,0,0,0.3194776475429535,0,0.014335580170154572,1,0.24930456280708313,0,0.026361165568232536,0,0.05039588734507561
qubit,47,0,1,2.5106794834136963,1,0.058739930391311646,0,0.009878060780465603,1,0.7264273166656494,0,0.0519120879471302
qubit,48,0,1,2.512619972229004,1,0.0579218864440918,0,0.011247942224144936,1,0.7063488960266113,0,0.05233810842037201
qubit,49,0,1,2.534278631210327,1,0.05727120488882065,0,0.011816948652267456,1,0.693392813205719,0,0.05296284705400467
qubit,50,0,1,2.5341553688049316,1,0.057283151894807816,0,0.011834761127829552,1,0.6934539675712585,0,0.05295783281326294
qubit,53,0,1,2.5037641525268555,1,0.05835297703742981,0,0.010207298211753368,1,0.737636923789978,0,0.05201912298798561
qubit,73,0,1,2.534372329711914,1,0.05726206675171852,0,0.01180324237793684,1,0.6933462619781494,0,0.052966631948947906
qubit,81,0,0,0.31944459676742554,0,0.01433302741497755,1,0.24898555874824524,0,0.026378680020570755,0,0.05040724575519562
qubit,83,0,0,0.31953608989715576,0,0.014332808554172516,1,0.24707576632499695,0,0.026374852284789085,0,0.05041578412055969
qubit,84,0,1,2.503983974456787,1,0.05835282430052757,0,0.010204307734966278,1,0.7376158237457275,0,0.05202411115169525
qubit,85,0,1,2.5294458866119385,1,0.056813471019268036,0,0.011608174070715904,1,0.7033500671386719,0,0.05313403159379959
qubit,86,1,1,1.4834792613983154,1,0.03840353712439537,0,0.004738067276775837,1,0.11050117015838623,0,0.0481736846268177
qubit,87,1,1,1.4835096597671509,1,0.03840703144669533,0,0.004741963930428028,1,0.1105576828122139,0,0.04817856848239899
qubit,88,1,1,1.4835317134857178,1,0.038409531116485596,0,0.004744772799313068,1,0.11059827357530594,0,0.04818209260702133
qubit,89,1,1,1.4835317134857178,1,0.038409531116485596,0,0.004744772799313068,1,0.11059827357530594,0,0.04818209260702133
qubit,90,1,1,1.4835317134857178,1,0.038409531116485596,0,0.004744772799313068,1,0.11059827357530594,0,0.04818209260702133
qubit,91,1,1,1.4835317134857178,1,0.038409531116485596,0,0.004744772799313068,1,0.11059827357530594,0,0.04818209260702133
qubit,92,1,1,1.4834811687469482,1,0.0384037010371685,0,0.004738255869597197,1,0.11050388216972351,0,0.0481739267706871
qubit,93,1,1,1.4834811687469482,1,0.0384037010371685,0,0.004738255869597197,1,0.11050388216972351,0,0.0481739267706871
qubit,94,1,1,1.4834811687469482,1,0.0384037010371685,0,0.004738255869597197,1,0.11050388216972351,0,0.0481739267706871
qubit,95,1,1,1.4835878610610962,1,0.038415975868701935,0,0.004752007778733969,1,0.11070281267166138,0,0.04819108173251152
qubit,96,1,1,1.4835878610610962,1,0.038415975868701935,0,0.004752007778733969,1,0.11070281267166138,0,0.04819108173251152
qubit,97,1,1,1.4836589097976685,1,0.038424208760261536,0,0.004761331249028444,1,0.11083653569221497,0,0.04820258542895317
qubit,98,1,1,1.435624361038208,1,0.03815876320004463,0,0.006558238063007593,1,0.11111726611852646,0,0.048361990600824356
qubit,99,1,1,1.4836586713790894,1,0.03842421993613243,0,0.004761323798447847,1,0.11083658039569855,0,0.04820261150598526
qubit,100,1,1,1.483603596687317,1,0.03841780498623848,0,0.004754065070301294,1,0.1107325628399849,0,0.04819367080926895
qubit,101,1,1,1.4836034774780273,1,0.03841781243681908,0,0.004754066467285156,1,0.11073257029056549,0,0.048193663358688354
